id,title,description,availability,condition,price,link,image_link,brand,product_type,inventory
152,طقم الحجامة الدموية للمبتدئين,طقم مخصص للحجامة الدموية: طقم البداية بـ6 كؤوس مع مضخة، شفرات مشرط رقم 11 (100 قطعة)، قطن طبي، قفازات حماية، وزيت البارافين — طقم اقتصادي لمن بغا يبدا فالحجامة الدموية.,in stock,new,175.00 MAD,https://hijamastore.com/produit/pack-hijama-damawiya,https://hijamastore.com/images/products/1790021032244-pack-hijama-damawiya.jpg,Hijama Store,كؤوس ومستلزمات الحجامة,20
151,الطقم الشامل للحجامة بكؤوس الأصالة,الطقم الأشمل: 100 كأس من كؤوس الأصالة (5 مقاسات من 3 إلى 7 سم)، مضخة حجامة من الفئة الممتازة، زيت البارافين للعناية، شفرات مشرط رقم 11 (100 قطعة)، لفافة ورقية، قفازات حماية، موكسا، وقطن طبي — يغطي الحجامة العادية، الحجامة الدموية، والعلاج بالحرارة ف طقم وحد.,in stock,new,435.00 MAD,https://hijamastore.com/produit/pack-hijama-assala,https://hijamastore.com/images/products/1790021031859-pack-hijama-assala.jpg,Hijama Store,كؤوس ومستلزمات الحجامة,15
150,طقم الحجامة اليومي بكؤوس الصفاء,طقم يجمع 100 كأس من كؤوس الصفاء (3 مقاسات: 5، 6، 7 سم)، شفرات مشرط رقم 11 (100 قطعة)، مضخة حجامة صغيرة، لفافة ورقية لتغطية سطح العمل، قفازات حماية للاستعمال الوقائي، وقطن طبي — مستلزمات جلسة الحجامة النظيفة ف طقم وحد.,in stock,new,305.00 MAD,https://hijamastore.com/produit/pack-hijama-safaa,https://hijamastore.com/images/products/1790021031454-pack-hijama-safaa.jpg,Hijama Store,كؤوس ومستلزمات الحجامة,15
149,طقم الحجّام المحترف,طقم كامل للحجامة يجمع 100 كأس متنوعة المقاسات (20 من كل مقاس بين 3 و7 سم)، مضخة حجامة، زيت البارافين، وطقم مغناطيسي بحقيبة — كل ما تحتاجه لجلسة حجامة ف علبة وحدة.,in stock,new,289.00 MAD,https://hijamastore.com/produit/pack-hajjam-pro,https://hijamastore.com/images/products/1790000116686-pack-hajjam-pro.jpg,Hijama Store,كؤوس ومستلزمات الحجامة,20
17,طقم كؤوس سيليكون بـ4 مقاسات,التشكيلة الأساسية لكل معالج مبتدئ. مجموعة من 4 كؤوس سيليكون بأحجام متدرجة، تسمح لك تشتغل على مناطق مختلفة من الجسم بأداة واحدة مرنة. سيليكون طبي طري، شفط ذاتي بالضغط باليد بلا حاجة لمضخة، سهل التنظيف والتعقيم بين كل استعمال. (Réf. HS-003),in stock,new,45.00 MAD,https://hijamastore.com/produit/produit-hs-003,https://hijamastore.com/images/products/hs-003.jpg,Hijama Store,كؤوس ومستلزمات الحجامة,20
18,كؤوس سيليكون الفئة الممتازة,جودة أعلى لمعالج يبحث عن الاحترافية. تصميم مختلف عن الطقم القياسي، بسماكة وثبات أكبر يتحملو الاستعمال المكثف اليومي. اختيار المعالجين اللي عندهم عدد كبير من الزبناء. (Réf. HS-004),in stock,new,80.00 MAD,https://hijamastore.com/produit/produit-hs-004,https://hijamastore.com/images/products/hs-004.jpg,Hijama Store,كؤوس ومستلزمات الحجامة,18
19,كؤوس حجامة من البامبو الطبيعي,الطريقة الأصيلة كيفما كانت من زمان. كؤوس خيزران طبيعي 100%، بدون أي معالجة كيميائية. طابع تقليدي أصيل كيعجب الزبناء اللي كيبحثو على الطريقة الكلاسيكية للحجامة. (Réf. HS-006),in stock,new,15.00 MAD,https://hijamastore.com/produit/produit-hs-006,https://hijamastore.com/images/products/hs-006.jpg,Hijama Store,كؤوس ومستلزمات الحجامة,18
20,كؤوس حجامة نحاس أحمر,النحاس الأصيل اللي كيدوم لسنين. معدن طبيعي متين، سهل التعقيم، ثقل مريح فاليد أثناء الجلسة. (Réf. HS-007),in stock,new,45.00 MAD,https://hijamastore.com/produit/produit-hs-007,https://hijamastore.com/images/products/hs-007.jpg,Hijama Store,كؤوس ومستلزمات الحجامة,20
21,كؤوس حجامة نحاس أصفر,التشكيلة الكاملة من الصغير للكبير. من الكأس الصغير المخصص للمناطق الدقيقة، لحدود النموذج الكبير المخصص للظهر والمناطق الواسعة. (Réf. HS-008),in stock,new,35.00 MAD,https://hijamastore.com/produit/produit-hs-008,https://hijamastore.com/images/products/hs-008.jpg,Hijama Store,كؤوس ومستلزمات الحجامة,20
22,كؤوس زجاجية للحجامة,الكلاسيكية الشفافة. زجاج سميك مقاوم، شفافية كتسمح بمراقبة الجلد أثناء الجلسة. (Réf. HS-009),in stock,new,10.00 MAD,https://hijamastore.com/produit/produit-hs-009,https://hijamastore.com/images/products/hs-009.jpg,Hijama Store,كؤوس ومستلزمات الحجامة,20
23,تشكيلة كؤوس بأشكال متنوعة,نوّع مجموعتك بلمسة مختلفة. أشكال جذابة بصرياً تزيد تنويع طقم الكؤوس ديالك، خيار اقتصادي وممتع خصوصاً للاستعمال المنزلي أو كهدية. (Réf. HS-010),in stock,new,4.00 MAD,https://hijamastore.com/produit/produit-hs-010,https://hijamastore.com/images/products/hs-010.jpg,Hijama Store,كؤوس ومستلزمات الحجامة,20
24,طقم الحجامة المغناطيسية فعلبة,كل الأدوات مجموعة فعلبة واحدة. كؤوس حجامة مغناطيسية منظمة داخل علبة عملية، تجمع الأدوات فمكان واحد وتسهل الحمل والتخزين. (Réf. HS-011),in stock,new,80.00 MAD,https://hijamastore.com/produit/produit-hs-011,https://hijamastore.com/images/products/hs-011.jpg,Hijama Store,كؤوس ومستلزمات الحجامة,20
25,طقم حجامة 6 كؤوس مع شفاط,الطقم الاقتصادي الكامل للبداية. 6 كؤوس + مضخة يدوية فعلبة واحدة. الخيار المثالي لمن بغا يبدا فالحجامة المنزلية بثمن فمتناول اليد. (Réf. HS-012),in stock,new,25.00 MAD,https://hijamastore.com/produit/produit-hs-012,https://hijamastore.com/images/products/hs-012.jpg,Hijama Store,كؤوس ومستلزمات الحجامة,20
26,كؤوس بلاستيكية للحجامة حجم كبير,للمناطق الواسعة، تغطية أقوى. نموذج كبير الحجم ضمن تجهيزات الحجامة، مناسب للظهر والمناطق العريضة من الجسم. (Réf. HS-013),in stock,new,120.00 MAD,https://hijamastore.com/produit/produit-hs-013,https://hijamastore.com/images/products/hs-013.jpg,Hijama Store,كؤوس ومستلزمات الحجامة,20
27,طقم زجاج وسيليكون 4 كؤوس,مزيج القوة والمرونة. 4 كؤوس زجاجية مزودة بكرات ضغط مطاطية سيليكون — متانة الزجاج مع سهولة الشفط اليدوي بلا مضخة منفصلة. (Réf. HS-014),in stock,new,100.00 MAD,https://hijamastore.com/produit/produit-hs-014,https://hijamastore.com/images/products/hs-014.jpg,Hijama Store,كؤوس ومستلزمات الحجامة,20
28,مضخة حجامة، الفئة الممتازة,التحكم الدقيق فالشفط. مضخة يدوية بجودة أعلى، ملحق أساسي لكؤوس الحجامة، شفط سلس ومتحكم فيه. (Réf. HS-051),in stock,new,25.00 MAD,https://hijamastore.com/produit/produit-hs-051,https://hijamastore.com/images/products/hs-051.jpg,Hijama Store,كؤوس ومستلزمات الحجامة,20
29,مضخة حجامة باللون الأسود,القطعة الاحتياطية اللي خاصك دايماً. مضخة يدوية موثوقة بثمن اقتصادي — خود وحدة زيادة، المضخة هي أول حاجة كتتهرس بالاستعمال المتكرر. (Réf. HS-052),in stock,new,15.00 MAD,https://hijamastore.com/produit/produit-hs-052,https://hijamastore.com/images/products/hs-052.jpg,Hijama Store,كؤوس ومستلزمات الحجامة,20
30,مضخة حجامة صغيرة,مدمجة وسهلة الحمل. نموذج مصغر عملي، مثالي كقطعة احتياطية أو للاستعمال الخفيف. (Réf. HS-053),in stock,new,10.00 MAD,https://hijamastore.com/produit/produit-hs-053,https://hijamastore.com/images/products/hs-053.jpg,Hijama Store,كؤوس ومستلزمات الحجامة,20
31,مضخة حجامة كهربائية,وفّر المجهود، ركّز على الزبون. شفط أوتوماتيكي بضغطة زر بدل الشفط اليدوي المتكرر — يوفر الوقت والجهد خصوصاً فالجلسات المتتالية. (Réf. HS-054),in stock,new,120.00 MAD,https://hijamastore.com/produit/produit-hs-054,https://hijamastore.com/images/products/hs-054.jpg,Hijama Store,كؤوس ومستلزمات الحجامة,20
32,طقم كؤوس مغناطيسية 12 قطعة,تقنية متطورة لخدمة متميزة. 12 كأس مغناطيسي ضمن تجهيزات احترافية، يجمع بين الشفط والتحفيز المغناطيسي فتجربة مختلفة تميزك عن باقي المعالجين. (Réf. HS-056),in stock,new,250.00 MAD,https://hijamastore.com/produit/produit-hs-056,https://hijamastore.com/images/products/hs-056.jpg,Hijama Store,كؤوس ومستلزمات الحجامة,20
33,كؤوس حجامة بفتحة علوية,تصميم بديل لتحكم إضافي. فتحة علوية تعطي تحكم مختلف فدرجة الشفط، ضمن مجموعة متنوعة من تصاميم الكؤوس. (Réf. HS-057),in stock,new,120.00 MAD,https://hijamastore.com/produit/produit-hs-057,https://hijamastore.com/images/products/hs-057.jpg,Hijama Store,كؤوس ومستلزمات الحجامة,20
34,كأس حجامة من السيليكون,أكمل مجموعتك قطعة بقطعة. كأس سيليكون منفرد يُباع بالوحدة، مثالي لتعويض كأس مفقود أو تكملة طقم أدوات المساج ديالك. (Réf. HS-058),in stock,new,12.00 MAD,https://hijamastore.com/produit/produit-hs-058,https://hijamastore.com/images/products/hs-058.jpg,Hijama Store,كؤوس ومستلزمات الحجامة,20
35,طقم كؤوس زجاجية 12 قطعة مع حقيبة,التشكيلة الشاملة فحقيبة واحدة. 12 كأس زجاجي منظمين فحقيبة عملية — طقم كامل يغطي كل احتياجات المعالج المحترف بدون نقص. (Réf. HS-067),in stock,new,300.00 MAD,https://hijamastore.com/produit/produit-hs-067,https://hijamastore.com/images/products/hs-067.jpg,Hijama Store,كؤوس ومستلزمات الحجامة,20
36,قرون طبيعية مخصصة للحجامة,الأصالة الكاملة للمعالج التقليدي. قرون طبيعية أصيلة، تُباع بالوحدة ضمن تشكيلة كؤوس الحجامة — للمعالج الباحث عن الطريقة الأكثر تقليدية وأصالة. (Réf. HS-113),in stock,new,50.00 MAD,https://hijamastore.com/produit/produit-hs-113,https://hijamastore.com/images/products/hs-113.jpg,Hijama Store,كؤوس ومستلزمات الحجامة,20
37,كؤوس الصفاء للحجامة (100 كأس),"الاختيار الموثوق للاستعمال اليومي. 100 كأس من علامة ""الصفاء"" الموثوقة، بـ3 مقاسات (5، 6، 7 سم) تغطي أغلب الجلسات العادية. كمية كبيرة اقتصادية للمعالج أو صاحب المركز. (Réf. HS-114)",in stock,new,140.00 MAD,https://hijamastore.com/produit/produit-hs-114,https://hijamastore.com/images/products/hs-114.jpg,Hijama Store,كؤوس ومستلزمات الحجامة,20
38,كؤوس الأصالة للحجامة (100 كأس),"التغطية الأوسع لكل معالج محترف. 100 كأس من علامة ""الأصالة""، بـ5 مقاسات (3 إلى 7 سم) — التشكيلة الأشمل لمن بغا يغطي كل مناطق الجسم بلا استثناء. (Réf. HS-115)",in stock,new,160.00 MAD,https://hijamastore.com/produit/produit-hs-115,https://hijamastore.com/images/products/hs-115.jpg,Hijama Store,كؤوس ومستلزمات الحجامة,19
39,حلقة السوجوك للتدليك اليدوي,تحفيز بسيط فكل وقت. حلقة معدنية بتصميم حلزوني، تلف على الأصبع لتحفيز نقاط الضغط اليدوية. أداة صغيرة سهلة الحمل. (Réf. HS-002),in stock,new,2.00 MAD,https://hijamastore.com/produit/produit-hs-002,https://hijamastore.com/images/products/hs-002.jpg,Hijama Store,الموكسا والسوجوك,20
40,ميني موكسا، علبة 150 قطعة,ستوك يكفيك لأشهر. قطع موكسا صغيرة الحجم، سهلة الإشعال والتحكم، مثالية للجلسات المركزة على نقاط دقيقة. (Réf. HS-017),in stock,new,60.00 MAD,https://hijamastore.com/produit/produit-hs-017,https://hijamastore.com/images/products/hs-017.jpg,Hijama Store,الموكسا والسوجوك,20
41,موكسا، عبوة 60 قطعة,الأساسي فكل جلسة علاج بالحرارة. مجموعة موكسا قياسية ضمن مستلزماتك اليومية، احتراق منتظم لتقنية العلاج بالحرارة. (Réf. HS-018),in stock,new,60.00 MAD,https://hijamastore.com/produit/produit-hs-018,https://hijamastore.com/images/products/hs-018.jpg,Hijama Store,الموكسا والسوجوك,20
42,أعواد موكسا دون دخان، 8 قطع,حرارة العلاج بلا إزعاج الدخان. النوع بدون دخان مثالي للكابينات المغلقة، يعطيك نفس فعالية الموكسا التقليدية بجو أنظف. (Réf. HS-019),in stock,new,60.00 MAD,https://hijamastore.com/produit/produit-hs-019,https://hijamastore.com/images/products/hs-019.jpg,Hijama Store,الموكسا والسوجوك,20
43,موكسا مقطعة، عبوة 54 قطعة,جاهزة مباشرة، توفر الوقت. قطع مقطعة مسبقاً لوحدات جاهزة للاستعمال الفوري. (Réf. HS-020),in stock,new,45.00 MAD,https://hijamastore.com/produit/produit-hs-020,https://hijamastore.com/images/products/hs-020.jpg,Hijama Store,الموكسا والسوجوك,20
44,أعواد موكسا، طقم 10 قطع,للجلسات الكاملة الطويلة. حجم كامل للعود، مناسب للجلسات اللي كتتطلب مدة أطول من العلاج بالحرارة. (Réf. HS-021),in stock,new,60.00 MAD,https://hijamastore.com/produit/produit-hs-021,https://hijamastore.com/images/products/hs-021.jpg,Hijama Store,الموكسا والسوجوك,20
45,حامل موكسا بثلاث فتحات,تغطية أوسع، تحكم أفضل. صندوق خشبي بثلاث فتحات يسمح بتوزيع الحرارة على مساحة أكبر من الجسم دفعة واحدة. (Réf. HS-022),in stock,new,50.00 MAD,https://hijamastore.com/produit/produit-hs-022,https://hijamastore.com/images/products/hs-022.jpg,Hijama Store,الموكسا والسوجوك,20
46,حامل موكسا بفتحتين,التوازن بين التغطية والتحكم. حجم متوسط يجمع موضعين فتصميم واحد. (Réf. HS-023),in stock,new,40.00 MAD,https://hijamastore.com/produit/produit-hs-023,https://hijamastore.com/images/products/hs-023.jpg,Hijama Store,الموكسا والسوجوك,20
47,حامل موكسا بفتحة واحدة,للجلسات المركزة على نقطة واحدة. نموذج مصغر واقتصادي، مثالي للتركيز الدقيق على منطقة محددة. (Réf. HS-024),in stock,new,30.00 MAD,https://hijamastore.com/produit/produit-hs-024,https://hijamastore.com/images/products/hs-024.jpg,Hijama Store,الموكسا والسوجوك,20
48,حامل معدني لأعواد الموكسا,أداة التثبيت الاحترافية. حامل معدني مخصص لتثبيت وإطفاء أعواد الموكسا بأمان أثناء وبعد الجلسة. (Réf. HS-025),in stock,new,60.00 MAD,https://hijamastore.com/produit/produit-hs-025,https://hijamastore.com/images/products/hs-025.jpg,Hijama Store,الموكسا والسوجوك,20
49,بساط الموكسا,العلاج بالحرارة على مساحة واسعة. بساط مخصص يسمح بتغطية حرارية أوسع من الظهر أو الجسم دفعة واحدة. (Réf. HS-026),in stock,new,80.00 MAD,https://hijamastore.com/produit/produit-hs-026,https://hijamastore.com/images/products/hs-026.jpg,Hijama Store,الموكسا والسوجوك,20
50,طقم أدوات السوجوك مع حقيبة,الطقم الاحترافي الشامل. مجموعة كاملة من أدوات السوجوك مرتبة داخل حقيبة واحدة منظمة — استثمار حقيقي للمعالج المتخصص فهاد التقنية. (Réf. HS-055),in stock,new,600.00 MAD,https://hijamastore.com/produit/produit-hs-055,https://hijamastore.com/images/products/hs-055.jpg,Hijama Store,الموكسا والسوجوك,20
51,إبر مخصصة للوخز الصيني,الدقة حسب كل منطقة. إبر معقمة استعمال واحد بـ4 أطوال مختلفة، كل طول لعمق ومنطقة استعمال محددة. (Réf. HS-107),in stock,new,60.00 MAD,https://hijamastore.com/produit/produit-hs-107,https://hijamastore.com/images/products/hs-107.jpg,Hijama Store,الموكسا والسوجوك,20
52,مجسم تعليمي للوخز الصيني (56 سم),مرجعك البصري للتكوين والتدريب. مجسم كامل الجسم بارتفاع 56 سم، يعرض مواضع النقاط بدقة — أداة تعليمية أساسية للتكوين أو للمراجعة السريعة أثناء العمل. (Réf. HS-108),in stock,new,300.00 MAD,https://hijamastore.com/produit/produit-hs-108,https://hijamastore.com/images/products/hs-108.jpg,Hijama Store,الموكسا والسوجوك,20
53,قلم مخصص للسوجوك,الدقة فأصغر التفاصيل. أداة يدوية برأس دقيق، مخصصة لتقنيات الضغط والتحفيز الدقيق فالسوجوك. (Réf. HS-110),in stock,new,60.00 MAD,https://hijamastore.com/produit/produit-hs-110,https://hijamastore.com/images/products/hs-110.jpg,Hijama Store,الموكسا والسوجوك,20
54,شموع الأذن هوبي,العناية التقليدية بالأذن. زوج شموع أذن من نوع هوبي، ضمن لوازم العناية التكميلية بالأذن. (Réf. HS-001),in stock,new,10.00 MAD,https://hijamastore.com/produit/produit-hs-001,https://hijamastore.com/images/products/hs-001.jpg,Hijama Store,مستلزمات وأدوات,20
55,زيت البارافين للعناية,المرافق المثالي لكل جلسة تدليك. زيت نقي يسهل انزلاق أدوات المساج وGua Sha على البشرة ويقلل الاحتكاك. (Réf. HS-005),in stock,new,35.00 MAD,https://hijamastore.com/produit/produit-hs-005,https://hijamastore.com/images/products/hs-005.jpg,Hijama Store,مستلزمات وأدوات,20
56,فازلين، عبوة 1 كيلوغرام,أساسي فكل كابينة عناية. فازلين نقي بعبوة اقتصادية كبيرة، ضمن مستلزمات العناية اليومية. (Réf. HS-015),in stock,new,50.00 MAD,https://hijamastore.com/produit/produit-hs-015,https://hijamastore.com/images/products/hs-015.jpg,Hijama Store,مستلزمات وأدوات,20
57,قفازات للاستعمال الوقائي,الحماية الأولى فكل جلسة. قفازات حماية لليدين، أساسية لضمان النظافة والسلامة بينك وبين كل زبون. (Réf. HS-016),in stock,new,60.00 MAD,https://hijamastore.com/produit/produit-hs-016,https://hijamastore.com/images/products/hs-016.jpg,Hijama Store,مستلزمات وأدوات,20
58,لفافة قماش غير منسوج، 90 متر,نظافة مضمونة لطاولة العمل. رول قماش يُستبدل بين كل زبون للحفاظ على نظافة سطح العناية. (Réf. HS-027),in stock,new,60.00 MAD,https://hijamastore.com/produit/produit-hs-027,https://hijamastore.com/images/products/hs-027.jpg,Hijama Store,مستلزمات وأدوات,20
59,لفافة ورق، 50م × 50سم,بديل اقتصادي وسريع. رول ورقي سهل القطع، لتغطية أسطح العناية بسرعة بين الجلسات. (Réf. HS-028),in stock,new,40.00 MAD,https://hijamastore.com/produit/produit-hs-028,https://hijamastore.com/images/products/hs-028.jpg,Hijama Store,مستلزمات وأدوات,20
60,قنينة بفوهة دقيقة، 500مل,تحكم دقيق فسكب السوائل. قنينة بسعة نصف لتر مزودة بفوهة موجهة، عملية لكل استعمالات الكابينة. (Réf. HS-029),in stock,new,30.00 MAD,https://hijamastore.com/produit/produit-hs-029,https://hijamastore.com/images/products/hs-029.jpg,Hijama Store,مستلزمات وأدوات,20
61,قنينة بفوهة دقيقة، 250مل,الحجم المناسب للاستعمال الخفيف. نسخة مصغرة من القنينة، مثالية للكميات الصغيرة اليومية. (Réf. HS-030),in stock,new,20.00 MAD,https://hijamastore.com/produit/produit-hs-030,https://hijamastore.com/images/products/hs-030.jpg,Hijama Store,مستلزمات وأدوات,20
62,بخاخ، سعة 500مل,رش سريع ومنظم. قنينة بخاخ عملية لتوزيع السوائل والمحاليل بسهولة داخل الكابينة. (Réf. HS-031),in stock,new,25.00 MAD,https://hijamastore.com/produit/produit-hs-031,https://hijamastore.com/images/products/hs-031.jpg,Hijama Store,مستلزمات وأدوات,20
63,بخاخ، سعة 300مل,مقاس مدمج، سهل الترتيب. حجم أصغر يناسب ترتيب أدوات العناية بشكل عملي. (Réf. HS-032),in stock,new,25.00 MAD,https://hijamastore.com/produit/produit-hs-032,https://hijamastore.com/images/products/hs-032.jpg,Hijama Store,مستلزمات وأدوات,20
64,قطن، عبوة 50 غرام,الأساسي اللي مايفوتش. قطن طبي ضمن المستلزمات الاستهلاكية الضرورية لكل جلسة. (Réf. HS-033),in stock,new,5.00 MAD,https://hijamastore.com/produit/produit-hs-033,https://hijamastore.com/images/products/hs-033.jpg,Hijama Store,مستلزمات وأدوات,20
65,قطن، عبوة 25 غرام,الحجم الاقتصادي اليومي. عبوة صغيرة مناسبة للاستعمال المتكرر بثمن رمزي. (Réf. HS-034),in stock,new,3.00 MAD,https://hijamastore.com/produit/produit-hs-034,https://hijamastore.com/images/products/hs-034.jpg,Hijama Store,مستلزمات وأدوات,20
66,أقراص قطنية، عبوة 150 قطعة,للعناية اليومية بالبشرة. أقراص قطنية بكمية كبيرة، ضمن مستلزمات العناية قبل وبعد الجلسة. (Réf. HS-035),in stock,new,15.00 MAD,https://hijamastore.com/produit/produit-hs-035,https://hijamastore.com/images/products/hs-035.jpg,Hijama Store,مستلزمات وأدوات,20
67,موقد غاز يدوي، حجم كبير,لهب قوي ومتحكم فيه. مشعل بالنموذج الكبير، أساسي لتقنية الحجامة بالنار والموكسا. (Réf. HS-036),in stock,new,90.00 MAD,https://hijamastore.com/produit/produit-hs-036,https://hijamastore.com/images/products/hs-036.jpg,Hijama Store,مستلزمات وأدوات,20
68,موقد غاز يدوي، حجم صغير,مدمج وسهل الحمل. نموذج صغير عملي للاستعمال اليومي البسيط. (Réf. HS-037),in stock,new,20.00 MAD,https://hijamastore.com/produit/produit-hs-037,https://hijamastore.com/images/products/hs-037.jpg,Hijama Store,مستلزمات وأدوات,20
69,عبوة غاز لإعادة التعبئة,خلي مشعلك دايماً جاهز. عبوة لإعادة تعبئة المشاعل، ماتوقفش جلستك بسبب غاز فارغ. (Réf. HS-038),in stock,new,20.00 MAD,https://hijamastore.com/produit/produit-hs-038,https://hijamastore.com/images/products/hs-038.jpg,Hijama Store,مستلزمات وأدوات,20
70,عصا معدنية مخصصة لكؤوس الحجامة الساخنة,أداة التحكم فالنار. عصا معدنية مخصصة للتحكم فكؤوس الحجامة الساخنة، تُباع بالوحدة. (Réf. HS-039),in stock,new,30.00 MAD,https://hijamastore.com/produit/produit-hs-039,https://hijamastore.com/images/products/hs-039.jpg,Hijama Store,مستلزمات وأدوات,20
71,ملقط مخصص لكؤوس الحجامة الساخنة,دقة وأمان فتقنية النار. ملقط احترافي ستانلس، للتحكم الآمن أثناء جلسات الحجامة بالنار. (Réf. HS-040),in stock,new,80.00 MAD,https://hijamastore.com/produit/produit-hs-040,https://hijamastore.com/images/products/hs-040.jpg,Hijama Store,مستلزمات وأدوات,20
72,ضماد تثبيت لاصق فارمافيكس,تثبيت محكم لكل ضمادة. لاصق تثبيت موثوق، أساسي ضمن لوازم التضميد. (Réf. HS-041),in stock,new,25.00 MAD,https://hijamastore.com/produit/produit-hs-041,https://hijamastore.com/images/products/hs-041.jpg,Hijama Store,مستلزمات وأدوات,20
73,كمادات، 20×20 سم,النظافة الأساسية بعد كل جلسة. كمادات معقمة ضمن المستلزمات الاستهلاكية اليومية. (Réf. HS-042),in stock,new,10.00 MAD,https://hijamastore.com/produit/produit-hs-042,https://hijamastore.com/images/products/hs-042.jpg,Hijama Store,مستلزمات وأدوات,20
74,شفرات مشرط رقم 11، 100 قطعة,الدقة اللي كيحتاجها كل معالج. شفرات معقمة استعمال واحد، رقم 11 المناسب بالضبط لتقنية الحجامة الدموية. (Réf. HS-043),in stock,new,50.00 MAD,https://hijamastore.com/produit/produit-hs-043,https://hijamastore.com/images/products/hs-043.jpg,Hijama Store,مستلزمات وأدوات,20
75,مقبض لتركيب شفرة المشرط,القبضة الثابتة للتحكم الكامل. مقبض ستانلس متين، مخصص لتركيب الشفرة بثبات أثناء العمل. (Réf. HS-044),in stock,new,50.00 MAD,https://hijamastore.com/produit/produit-hs-044,https://hijamastore.com/images/products/hs-044.jpg,Hijama Store,مستلزمات وأدوات,20
76,قلم وخز، الطراز الأول,الدقة فنقطة واحدة. أداة دقيقة برأس واحد، ضمن أدوات الوخز الدقيقة للمعالج المتخصص. (Réf. HS-045),in stock,new,50.00 MAD,https://hijamastore.com/produit/produit-hs-045,https://hijamastore.com/images/products/hs-045.jpg,Hijama Store,مستلزمات وأدوات,20
77,قلم وخز ثلاثي,3 خيارات فأداة واحدة. رؤوس متعددة قابلة للتبديل، مرونة أكبر حسب تقنية الاستعمال. (Réf. HS-046),in stock,new,65.00 MAD,https://hijamastore.com/produit/produit-hs-046,https://hijamastore.com/images/products/hs-046.jpg,Hijama Store,مستلزمات وأدوات,20
78,إبر وخز، علبة 100 قطعة,ستوك يدوم، جاهز دايماً. إبر معقمة استعمال واحد، ضمن المستلزمات الاستهلاكية الأساسية. (Réf. HS-047),in stock,new,30.00 MAD,https://hijamastore.com/produit/produit-hs-047,https://hijamastore.com/images/products/hs-047.jpg,Hijama Store,مستلزمات وأدوات,20
79,جهاز لقياس سكر الدم,المتابعة اليومية السهلة. جهاز دقيق وسريع لقراءة نسبة السكر فالدم، للمتابعة المنتظمة بالبيت. (Réf. HS-048),in stock,new,50.00 MAD,https://hijamastore.com/produit/produit-hs-048,https://hijamastore.com/images/products/hs-048.jpg,Hijama Store,مستلزمات وأدوات,20
80,شرائط فحص السكر، 25 قطعة,دقة القياس فكل مرة. علبة شرائط متوافقة، اختارها حسب جهاز القياس ديالك. (Réf. HS-049),in stock,new,75.00 MAD,https://hijamastore.com/produit/produit-hs-049,https://hijamastore.com/images/products/hs-049.jpg,Hijama Store,مستلزمات وأدوات,20
81,جهاز لقياس ضغط الدم,راحة بالك على قلبك. جهاز موثوق للمتابعة المنزلية المنتظمة لضغط الدم. (Réf. HS-050),in stock,new,280.00 MAD,https://hijamastore.com/produit/produit-hs-050,https://hijamastore.com/images/products/hs-050.jpg,Hijama Store,مستلزمات وأدوات,20
82,حقيبة تجهيزات الطوارئ,الجاهزية الكاملة أينما كنتي. حقيبة مخصصة لترتيب وحمل معدات الطوارئ، للمعالج المتنقل اللي بغا يكون مجهز فكل وقت. (Réf. HS-106),in stock,new,600.00 MAD,https://hijamastore.com/produit/produit-hs-106,https://hijamastore.com/images/products/hs-106.jpg,Hijama Store,مستلزمات وأدوات,20
83,غطاء شعر للاستعمال مرة واحدة,النظافة قبل كل جلسة. غطاء شعر استعمال واحد، متوفر بالقطعة أو بكمية كبيرة اقتصادية. (Réf. HS-129),in stock,new,1.00 MAD,https://hijamastore.com/produit/produit-hs-129,https://hijamastore.com/images/products/hs-129.jpg,Hijama Store,مستلزمات وأدوات,20
84,قبعة للحماية,لمسة احترافية إضافية. غطاء رأس بسيط يزيد فالمظهر الاحترافي لكابينتك. (Réf. HS-130),in stock,new,2.00 MAD,https://hijamastore.com/produit/produit-hs-130,https://hijamastore.com/images/products/hs-130.jpg,Hijama Store,مستلزمات وأدوات,20
85,شريط كينيسيولوجي لاصق,دعم عضلي يرافقك فكل حركة. شريط رياضي لاصق بشكل رول، لدعم العضلات والمفاصل أثناء المجهود أو بعد الجلسات العلاجية. (Réf. HS-059),in stock,new,30.00 MAD,https://hijamastore.com/produit/produit-hs-059,https://hijamastore.com/images/products/hs-059.jpg,Hijama Store,أجهزة وأدوات المساج,20
86,عصا تدليك بسطح مسنن,تدليك يدوي بسيط وفعال. سطح مزود بنتوءات لتنشيط الدورة الدموية، أداة اقتصادية للاستعمال اليومي. (Réf. HS-060),in stock,new,10.00 MAD,https://hijamastore.com/produit/produit-hs-060,https://hijamastore.com/images/products/hs-060.jpg,Hijama Store,أجهزة وأدوات المساج,20
87,أسطوانة ديرما رولر,العناية بالبشرة فأداة واحدة. رولر مزود بإبر دقيقة، ضمن أدوات العناية بالبشرة الشائعة. (Réf. HS-061),in stock,new,25.00 MAD,https://hijamastore.com/produit/produit-hs-061,https://hijamastore.com/images/products/hs-061.jpg,Hijama Store,أجهزة وأدوات المساج,20
88,واقي للكعب,راحة القدمين طول اليوم. واقيات سيليكون للكعبين، ترطيب وحماية من التشقق للاستعمال اليومي أو الليلي. (Réf. HS-062),in stock,new,30.00 MAD,https://hijamastore.com/produit/produit-hs-062,https://hijamastore.com/images/products/hs-062.jpg,Hijama Store,أجهزة وأدوات المساج,20
89,مدلك صغير بتصميم الفراشة,استرخاء سريع بحجم الجيب. جهاز مساج مدمج بتصميم عملي، مثالي للاستعمال الخفيف اليومي. (Réf. HS-063),in stock,new,20.00 MAD,https://hijamastore.com/produit/produit-hs-063,https://hijamastore.com/images/products/hs-063.jpg,Hijama Store,أجهزة وأدوات المساج,20
90,بساط مخصص لتدليك القدمين,راحة انعكاسية للقدمين. بساط مخصص لتحفيز نقاط القدم، مثالي بعد يوم طويل واقف أو ماشي. (Réf. HS-064),in stock,new,60.00 MAD,https://hijamastore.com/produit/produit-hs-064,https://hijamastore.com/images/products/hs-064.jpg,Hijama Store,أجهزة وأدوات المساج,20
91,قلم تدليك كهربائي,دقة الضغط بقوة كهربائية. تصميم يشبه القلم لتوجيه دقيق نحو نقاط محددة، مثالي للمعالج اللي كيبحث على الدقة. (Réf. HS-065),in stock,new,100.00 MAD,https://hijamastore.com/produit/produit-hs-065,https://hijamastore.com/images/products/hs-065.jpg,Hijama Store,أجهزة وأدوات المساج,20
92,جهاز كؤوس للعناية بالبشرة,تنظيف عميق وسهل. جهاز Skin Care مزود بكؤوس شفط، ضمن أدوات العناية بالبشرة المنزلية. (Réf. HS-066),in stock,new,60.00 MAD,https://hijamastore.com/produit/produit-hs-066,https://hijamastore.com/images/products/hs-066.jpg,Hijama Store,أجهزة وأدوات المساج,20
93,جهاز تدليك بالكؤوس، الطراز الأول,تقنية الكابينغ الذكية فمتناول اليد. جهاز مساج بالكؤوس بالنموذج الأول، شفط ذكي متقطع لتجربة عصرية. (Réf. HS-068),in stock,new,100.00 MAD,https://hijamastore.com/produit/produit-hs-068,https://hijamastore.com/images/products/hs-068.jpg,Hijama Store,أجهزة وأدوات المساج,20
94,جهاز تدليك بالكؤوس، الطراز الثاني,نفس التقنية، تشطيب أرقى. نموذج ثاني بتصميم أرقى ورؤوس إضافية، ضمن مجموعة أجهزة الكابينغ. (Réf. HS-069),in stock,new,150.00 MAD,https://hijamastore.com/produit/produit-hs-069,https://hijamastore.com/images/products/hs-069.jpg,Hijama Store,أجهزة وأدوات المساج,20
95,مسدس تدليك فاشيال غان,استرخاء عضلي عميق بضغطة زر. مسدس مساج بمقبض مريح، مثالي للاستعمال اليومي بعد المجهود. (Réf. HS-070),in stock,new,140.00 MAD,https://hijamastore.com/produit/produit-hs-070,https://hijamastore.com/images/products/hs-070.jpg,Hijama Store,أجهزة وأدوات المساج,20
96,مسدس تدليك مع 12 رأساً,تغطية كاملة لكل عضلة. 12 رأس قابل للتبديل يغطي كل مجموعة عضلية — الخيار الاحترافي الأوسع تشكيلة. (Réf. HS-071),in stock,new,210.00 MAD,https://hijamastore.com/produit/produit-hs-071,https://hijamastore.com/images/products/hs-071.jpg,Hijama Store,أجهزة وأدوات المساج,20
97,مسدس تدليك بحجم صغير,قوة كبيرة، حجم مدمج. تصميم مصغر عملي، سهل الحمل والاستعمال أينما كنتي. (Réf. HS-072),in stock,new,140.00 MAD,https://hijamastore.com/produit/produit-hs-072,https://hijamastore.com/images/products/hs-072.jpg,Hijama Store,أجهزة وأدوات المساج,20
98,مسدس تدليك كبير، حار وبارد,علاج مزدوج فجهاز واحد. رؤوس قابلة للتبديل بخاصيتي الحرارة والبرودة، لتجربة علاجية شاملة. (Réf. HS-073),in stock,new,250.00 MAD,https://hijamastore.com/produit/produit-hs-073,https://hijamastore.com/images/products/hs-073.jpg,Hijama Store,أجهزة وأدوات المساج,20
99,مسدس تدليك مع 7 رؤوس,الفئة الفاخرة للمعالج المحترف. 7 رؤوس مختلفة تغطي كل التقنيات والمناطق — استثمار احترافي متكامل. (Réf. HS-074),in stock,new,300.00 MAD,https://hijamastore.com/produit/produit-hs-074,https://hijamastore.com/images/products/hs-074.jpg,Hijama Store,أجهزة وأدوات المساج,20
100,جهاز تدليك ريلاكس تون,تنشيط وشد بلمسة واحدة. جهاز محمول باليد لتنشيط الدورة الدموية وشد الجسم. (Réf. HS-075),in stock,new,100.00 MAD,https://hijamastore.com/produit/produit-hs-075,https://hijamastore.com/images/products/hs-075.jpg,Hijama Store,أجهزة وأدوات المساج,20
101,مدلك كهربائي للرأس,استرخاء فروة الرأس بضغطة زر. جهاز كهربائي لتدليك الرأس أوتوماتيكياً، تجربة استرخاء عميقة. (Réf. HS-076),in stock,new,150.00 MAD,https://hijamastore.com/produit/produit-hs-076,https://hijamastore.com/images/products/hs-076.jpg,Hijama Store,أجهزة وأدوات المساج,20
102,أداة تدليك الرأس بشبكة بلاستيكية,استرخاء سريع يدوي. أداة بلاستيكية بسيطة لتدليك الرأس بالحركة اليدوية. (Réf. HS-077),in stock,new,20.00 MAD,https://hijamastore.com/produit/produit-hs-077,https://hijamastore.com/images/products/hs-077.jpg,Hijama Store,أجهزة وأدوات المساج,20
103,أداة تدليك الرأس بشبكة معدنية,إحساس استرخاء فوري. أسلاك معدنية مرنة بتصميم متعدد الأذرع، تُباع بالوحدة. (Réf. HS-078),in stock,new,10.00 MAD,https://hijamastore.com/produit/produit-hs-078,https://hijamastore.com/images/products/hs-078.jpg,Hijama Store,أجهزة وأدوات المساج,20
104,طقم أحجار للمساج، 20 قطعة مع حقيبة,تجربة العلاج بالحجر الساخن الاحترافية. 20 حجر مساج مجموعين فحقيبة واحدة كاملة — إضافة مميزة لخدمات مركزك. (Réf. HS-079),in stock,new,700.00 MAD,https://hijamastore.com/produit/produit-hs-079,https://hijamastore.com/images/products/hs-079.jpg,Hijama Store,أجهزة وأدوات المساج,20
105,طقم أدوات تدليك من الإينوكس مع حقيبة,الدقة المعدنية الاحترافية. أدوات ستانلس ستيل بأشكال مختلفة فمجموعة واحدة، للمعالج الباحث عن دقة وفعالية أعلى. (Réf. HS-080),in stock,new,600.00 MAD,https://hijamastore.com/produit/produit-hs-080,https://hijamastore.com/images/products/hs-080.jpg,Hijama Store,أجهزة وأدوات المساج,20
106,مدلك يدوي رباعي الأبعاد,تنشيط الدورة الدموية بحركة واحدة. أداة مساج يدوية غير كهربائية، لتنشيط الدورة الدموية على الوجه والجسم. (Réf. HS-081),in stock,new,50.00 MAD,https://hijamastore.com/produit/produit-hs-081,https://hijamastore.com/images/products/hs-081.jpg,Hijama Store,أجهزة وأدوات المساج,20
107,مدلك ثلاثي الأبعاد، حجم كبير,تغطية أوسع بحركة سلسة. نموذج كبير من أدوات التدليك اليدوي ثلاثية الأبعاد. (Réf. HS-082),in stock,new,45.00 MAD,https://hijamastore.com/produit/produit-hs-082,https://hijamastore.com/images/products/hs-082.jpg,Hijama Store,أجهزة وأدوات المساج,20
108,مدلك ثلاثي الأبعاد بكرتين,للوجه والجسم فآن واحد. رأسين كرويين يعملان بالحركة اليدوية، مثالي للروتين اليومي. (Réf. HS-083),in stock,new,40.00 MAD,https://hijamastore.com/produit/produit-hs-083,https://hijamastore.com/images/products/hs-083.jpg,Hijama Store,أجهزة وأدوات المساج,20
109,مدلك ثلاثي الأبعاد، حجم صغير,دقة فالمناطق الحساسة. نموذج مصغر مثالي لمنطقة الوجه والعين الدقيقة. (Réf. HS-084),in stock,new,35.00 MAD,https://hijamastore.com/produit/produit-hs-084,https://hijamastore.com/images/products/hs-084.jpg,Hijama Store,أجهزة وأدوات المساج,20
110,أداة تدليك يدوية بمقبضين,تحكم أفضل بيدين ثابتتين. مقابض توجه حركة التدليك بثبات ودقة أكبر. (Réf. HS-085),in stock,new,35.00 MAD,https://hijamastore.com/produit/produit-hs-085,https://hijamastore.com/images/products/hs-085.jpg,Hijama Store,أجهزة وأدوات المساج,20
111,أداة تدليك بشكل اليد,لمسة طبيعية فأداة واحدة. تصميم مستوحى من شكل اليد، ضمن أدوات التدليك اليدوي البسيطة. (Réf. HS-086),in stock,new,15.00 MAD,https://hijamastore.com/produit/produit-hs-086,https://hijamastore.com/images/products/hs-086.jpg,Hijama Store,أجهزة وأدوات المساج,20
112,أداة تدليك يدوية ببكرات,حركة دوارة سلسة. عجلات دوارة تسهل التنقل على منطقة التدليك. (Réf. HS-087),in stock,new,30.00 MAD,https://hijamastore.com/produit/produit-hs-087,https://hijamastore.com/images/products/hs-087.jpg,Hijama Store,أجهزة وأدوات المساج,20
113,طقم غواشا من 3 قطع,3 أشكال، 3 استعمالات. مجموعة Gua Sha بأشكال مختلفة فطقم واحد، روتين عناية متكامل. (Réf. HS-088),in stock,new,40.00 MAD,https://hijamastore.com/produit/produit-hs-088,https://hijamastore.com/images/products/hs-088.jpg,Hijama Store,أجهزة وأدوات المساج,20
114,طقم غواشا من قطعتين,البداية المثالية لتقنية Gua Sha. طقم مصغر اقتصادي، مثالي للتجربة الأولى أو كهدية. (Réf. HS-089),in stock,new,30.00 MAD,https://hijamastore.com/produit/produit-hs-089,https://hijamastore.com/images/products/hs-089.jpg,Hijama Store,أجهزة وأدوات المساج,20
115,أداة تدليك بلاستيكية,متينة وعملية للاستعمال اليومي. عصا مساج بلاستيكية ضمن أدوات التدليك اليدوية. (Réf. HS-109),in stock,new,70.00 MAD,https://hijamastore.com/produit/produit-hs-109,https://hijamastore.com/images/products/hs-109.jpg,Hijama Store,أجهزة وأدوات المساج,20
116,مدلك رقبة بخاصية التسخين,دفء واسترخاء لرقبتك بعد يوم طويل. جهاز مخصص لمنطقة العنق مزود بالتسخين، لتخفيف الشد بعمق. (Réf. HS-111),in stock,new,350.00 MAD,https://hijamastore.com/produit/produit-hs-111,https://hijamastore.com/images/products/hs-111.jpg,Hijama Store,أجهزة وأدوات المساج,20
117,وسادة مخصصة لتدليك الرقبة,راحة إضافية أثناء الجلسة. وسادة مريحة تدعم وضعية الرقبة أثناء جلسات التدليك الطويلة. (Réf. HS-112),in stock,new,40.00 MAD,https://hijamastore.com/produit/produit-hs-112,https://hijamastore.com/images/products/hs-112.jpg,Hijama Store,أجهزة وأدوات المساج,20
118,Pack Madero كامل مع حقيبة,بروتوكول Madero الكامل فطقم واحد. مجموعة أدوات خشبية متعددة الأشكال لتقنية المادیروثيرابي، مرتبة فحقيبة واحدة — كل أداة لمرحلة محددة من الجلسة. (Réf. HS-090),in stock,new,300.00 MAD,https://hijamastore.com/produit/produit-hs-090,https://hijamastore.com/images/products/hs-090.jpg,Hijama Store,أدوات المساج الخشبية,20
119,Pack Madero Visage مع حقيبة,مادیروثيرابي مخصص للوجه. أدوات خشبية صغيرة دقيقة، مصممة خصيصاً لتدليك الوجه والرقبة. (Réf. HS-091),in stock,new,150.00 MAD,https://hijamastore.com/produit/produit-hs-091,https://hijamastore.com/images/products/hs-091.jpg,Hijama Store,أدوات المساج الخشبية,20
120,مدلك خشبي بأسطوانة دوارة,حركة دوارة سلسة على الخشب الطبيعي. رولر خشبي للتدليك اليدوي، يُباع بالوحدة ضمن أدوات المساج الخشبية. (Réf. HS-092),in stock,new,60.00 MAD,https://hijamastore.com/produit/produit-hs-092,https://hijamastore.com/images/products/hs-092.jpg,Hijama Store,أدوات المساج الخشبية,19
121,مدلك خشبي بتصميم مزدوج,جهتان فأداة واحدة. تصميم بفرعين يجمع بين وظيفتين مختلفتين فنفس الأداة. (Réf. HS-093),in stock,new,100.00 MAD,https://hijamastore.com/produit/produit-hs-093,https://hijamastore.com/images/products/hs-093.jpg,Hijama Store,أدوات المساج الخشبية,20
122,أداة غواشا من الخشب,Gua Sha بلمسة الخشب الطبيعي. قطعة Gua Sha خشبية تقليدية، تُباع بالوحدة. (Réf. HS-094),in stock,new,20.00 MAD,https://hijamastore.com/produit/produit-hs-094,https://hijamastore.com/images/products/hs-094.jpg,Hijama Store,أدوات المساج الخشبية,20
123,أداة تدليك خشبية ببكرات,تدليك بالحركة الدوارة. أداة خشبية مزودة برولات، تعمل بالحركة اليدوية أثناء التدليك. (Réf. HS-095),in stock,new,25.00 MAD,https://hijamastore.com/produit/produit-hs-095,https://hijamastore.com/images/products/hs-095.jpg,Hijama Store,أدوات المساج الخشبية,20
124,أداة تدليك خشبية مزودة بمقبض,إمساك ثابت، تحكم أفضل. مقبض عملي لتوجيه الحركة بسهولة أثناء الاستعمال. (Réf. HS-096),in stock,new,20.00 MAD,https://hijamastore.com/produit/produit-hs-096,https://hijamastore.com/images/products/hs-096.jpg,Hijama Store,أدوات المساج الخشبية,20
125,لوح خشبي للتدليك مزود بمقبض,قطعة أساسية فطقم الماديروثيرابي. لوح خشبي بقبضة مريحة، ضمن مجموعة أدوات الماديروثيرابي. (Réf. HS-097),in stock,new,35.00 MAD,https://hijamastore.com/produit/produit-hs-097,https://hijamastore.com/images/products/hs-097.jpg,Hijama Store,أدوات المساج الخشبية,20
126,مدلك خشبي بتصميم حرف T,تصميم عملي بزاوية ضغط مثالية. أداة على شكل حرف T، تُباع بالقطعة. (Réf. HS-098),in stock,new,30.00 MAD,https://hijamastore.com/produit/produit-hs-098,https://hijamastore.com/images/products/hs-098.jpg,Hijama Store,أدوات المساج الخشبية,20
127,أسطوانة خشبية صغيرة للتدليك,للمناطق الدقيقة. رولر خشبي مصغر، مثالي للتدليك اليدوي المركز. (Réf. HS-099),in stock,new,35.00 MAD,https://hijamastore.com/produit/produit-hs-099,https://hijamastore.com/images/products/hs-099.jpg,Hijama Store,أدوات المساج الخشبية,20
128,لوح خشبي للتدليك، الطراز الأول,التصميم الكلاسيكي لأدوات Madero. لوح مساج ضمن تشكيلة الألواح الخشبية للماديروثيرابي. (Réf. HS-100),in stock,new,60.00 MAD,https://hijamastore.com/produit/produit-hs-100,https://hijamastore.com/images/products/hs-100.jpg,Hijama Store,أدوات المساج الخشبية,20
129,لوح خشبي للتدليك، الطراز الثاني,تصميم بديل، إحساس مختلف. خطوط تصميم مختلفة عن الطراز الأول لتنويع تقنيات التدليك. (Réf. HS-101),in stock,new,60.00 MAD,https://hijamastore.com/produit/produit-hs-101,https://hijamastore.com/images/products/hs-101.jpg,Hijama Store,أدوات المساج الخشبية,20
130,حزام ببكرات خشبية للتدليك,تدليك متدحرج على طول العضلة. شريط بعناصر خشبية دوارة، ضمن أدوات المساج اليدوية. (Réf. HS-102),in stock,new,50.00 MAD,https://hijamastore.com/produit/produit-hs-102,https://hijamastore.com/images/products/hs-102.jpg,Hijama Store,أدوات المساج الخشبية,20
131,فرشاة خشبية للتدليك,تنشيط الدورة الدموية بلمسة طبيعية. فرشاة خشبية ضمن لوازم التدليك والعناية اليومية. (Réf. HS-103),in stock,new,50.00 MAD,https://hijamastore.com/produit/produit-hs-103,https://hijamastore.com/images/products/hs-103.jpg,Hijama Store,أدوات المساج الخشبية,20
132,أداة تدليك خشبية بأطراف كروية,صغيرة وعملية للاستعمال اليدوي. أطراف مستديرة بتصميم مصغر، سهلة الحمل والاستعمال. (Réf. HS-104),in stock,new,20.00 MAD,https://hijamastore.com/produit/produit-hs-104,https://hijamastore.com/images/products/hs-104.jpg,Hijama Store,أدوات المساج الخشبية,20
133,أداة انعكاسية للقدمين بالكرات المتدرجة,تدليك انعكاسي كامل للقدمين. قاعدة ثابتة بكرات خشبية متعددة، مثالية لمن كيقضي ساعات واقف أو ماشي. (Réf. HS-105),in stock,new,130.00 MAD,https://hijamastore.com/produit/produit-hs-105,https://hijamastore.com/images/products/hs-105.jpg,Hijama Store,أدوات المساج الخشبية,20
134,عربة أدوات للعناية مزودة بعجلات,تنظيم احترافي لكل أدواتك. عربة متحركة بعجلات، ترتب وتنقل أدوات العناية داخل فضاء العمل بسهولة — مظهر عيادي أنيق يشد ثقة الزبون. (Réf. HS-116),in stock,new,1500.00 MAD,https://hijamastore.com/produit/produit-hs-116,https://hijamastore.com/images/products/hs-116.jpg,Hijama Store,الأثاث والتجهيزات,5
135,كرسي مخصص لجلسات المساج,راحة احترافية لكل جلسة. كرسي مخصص للتدليك ضمن تجهيزات فضاء العناية — استثمار يرفع من مستوى الخدمة ديال مركزك. (Réf. HS-125),in stock,new,999.00 MAD,https://hijamastore.com/produit/produit-hs-125,https://hijamastore.com/images/products/hs-125.jpg,Hijama Store,الأثاث والتجهيزات,5
136,مصباح يعمل بالأشعة تحت الحمراء,دفء علاجي تكميلي لجلساتك. مصباح أشعة تحت حمراء ضمن أجهزة وتجهيزات العناية، إضافة مميزة لخدماتك العلاجية. (Réf. HS-126),in stock,new,700.00 MAD,https://hijamastore.com/produit/produit-hs-126,https://hijamastore.com/images/products/hs-126.jpg,Hijama Store,الأثاث والتجهيزات,5
137,حاجز فاصل لمساحة العناية,خصوصية حقيقية لزبنائك. حاجز فاصل ينظم المساحة ويوفر الخصوصية بين مناطق العمل — لمسة احترافية لأي مركز جدي. (Réf. HS-127),in stock,new,1200.00 MAD,https://hijamastore.com/produit/produit-hs-127,https://hijamastore.com/images/products/hs-127.jpg,Hijama Store,الأثاث والتجهيزات,4
138,طاولة مساج قابلة للطي,الأساس اللي ما يستغنى عليه. طاولة مساج عملية وقابلة للطي، سهلة الترتيب والتخزين — التجهيز الأساسي لكل كابينة تدليك أو حجامة احترافية. (Réf. HS-128),out of stock,new,2500.00 MAD,https://hijamastore.com/produit/produit-hs-128,https://hijamastore.com/images/products/hs-128.jpg,Hijama Store,الأثاث والتجهيزات,0
139,ملصق تشريحي للجسم، منظر أمامي,"مرجعك البصري الشامل. ملصق تشريحي يعرض الجسم من الأمام مع مواضع النقاط — مرجع سريع أثناء العمل أو التكوين. Le cadre visible sur la photo est illustratif : le produit vendu est le poster seul, sans cadre. (Réf. HS-117)",in stock,new,30.00 MAD,https://hijamastore.com/produit/produit-hs-117,https://hijamastore.com/images/products/hs-117.png,Hijama Store,الملصقات التعليمية,20
140,ملصق تشريحي للجسم، منظر خلفي,يكمّل الصورة الكاملة. نفس الجودة، منظر الظهر — أكمل السلسلة مع الملصق الأمامي لتغطية شاملة. (Réf. HS-118),in stock,new,30.00 MAD,https://hijamastore.com/produit/produit-hs-118,https://hijamastore.com/images/products/hs-118.png,Hijama Store,الملصقات التعليمية,20
141,ملصق تشريحي للرأس,دقة فمنطقة حساسة. ملصق مركّز على منطقة الرأس والوجه، ضمن سلسلة الملصقات التشريحية. (Réf. HS-119),in stock,new,30.00 MAD,https://hijamastore.com/produit/produit-hs-119,https://hijamastore.com/images/products/hs-119.png,Hijama Store,الملصقات التعليمية,20
142,ملصق تشريحي للأطراف,تكملة السلسلة الرباعية. ملصق مخصص لليدين والرجلين، رابع وآخر ملصق فسلسلة المرجع التشريحي الكامل. (Réf. HS-120),in stock,new,30.00 MAD,https://hijamastore.com/produit/produit-hs-120,https://hijamastore.com/images/products/hs-120.png,Hijama Store,الملصقات التعليمية,20
143,ملصق تعليمي للحجامة، الإصدار الأول,"ديكور جداري بمعنى أصيل. ملصق يحمل حديثاً نبوياً صحيحاً عن الحجامة، بمصدره الموثّق: «إن كان في شيء مما تداويتم به خير فالحجامة» — رواه أبو داود، وابن ماجة وصححه الألباني. Le cadre visible sur la photo est illustratif : le produit vendu est le poster seul, sans cadre. (Réf. HS-121)",in stock,new,30.00 MAD,https://hijamastore.com/produit/produit-hs-121,https://hijamastore.com/images/products/hs-121.jpg,Hijama Store,الملصقات التعليمية,19
144,ملصق تعليمي للحجامة، الإصدار الثاني,تصميم بديل، نفس الأصالة. نفس المفهوم بتنسيق مختلف، لتنويع الديكور أو تعليق أكثر من ملصق فنفس الفضاء. (Réf. HS-122),in stock,new,30.00 MAD,https://hijamastore.com/produit/produit-hs-122,https://hijamastore.com/images/products/hs-122.jpg,Hijama Store,الملصقات التعليمية,20
145,ملصق تعليمي للحجامة، الإصدار الثالث,ثالث ملصق فالسلسلة. تصميم إضافي ضمن مجموعة ملصقات الحجامة، بنفس الجودة والدقة فالمصدر. (Réf. HS-123),in stock,new,30.00 MAD,https://hijamastore.com/produit/produit-hs-123,https://hijamastore.com/images/products/hs-123.jpg,Hijama Store,الملصقات التعليمية,20
146,ملصق تعليمي للحجامة، الإصدار الرابع,السلسلة الكاملة لكابينتك. رابع وآخر تصميم — اقتنِ السلسلة كاملة (HS-121 إلى HS-124) لديكور متكامل يحكي قصة الحجامة. (Réf. HS-124),in stock,new,30.00 MAD,https://hijamastore.com/produit/produit-hs-124,https://hijamastore.com/images/products/hs-124.jpg,Hijama Store,الملصقات التعليمية,20
